[{"pk": 1, "model": "contenttypes.contenttype", "fields": {"model": "bookmark", "name": "bookmark", "app_label": "menu"}}, {"pk": 6, "model": "contenttypes.contenttype", "fields": {"model": "contenttype", "name": "content type", "app_label": "contenttypes"}}, {"pk": 2, "model": "contenttypes.contenttype", "fields": {"model": "dashboardpreferences", "name": "dashboard preferences", "app_label": "dashboard"}}, {"pk": 12, "model": "contenttypes.contenttype", "fields": {"model": "emails", "name": "emails", "app_label": "ques"}}, {"pk": 4, "model": "contenttypes.contenttype", "fields": {"model": "group", "name": "group", "app_label": "auth"}}, {"pk": 9, "model": "contenttypes.contenttype", "fields": {"model": "logentry", "name": "log entry", "app_label": "admin"}}, {"pk": 3, "model": "contenttypes.contenttype", "fields": {"model": "permission", "name": "permission", "app_label": "auth"}}, {"pk": 7, "model": "contenttypes.contenttype", "fields": {"model": "session", "name": "session", "app_label": "sessions"}}, {"pk": 8, "model": "contenttypes.contenttype", "fields": {"model": "site", "name": "site", "app_label": "sites"}}, {"pk": 5, "model": "contenttypes.contenttype", "fields": {"model": "user", "name": "user", "app_label": "auth"}}, {"pk": 18, "model": "contenttypes.contenttype", "fields": {"model": "pcoptions", "name": "\u0412\u0438\u0434 \u0445\u0430\u0440\u0430\u043a\u0442\u0435\u0440\u0438\u0441\u0442\u0438\u043a\u0438 \u041f\u041a", "app_label": "company"}}, {"pk": 10, "model": "contenttypes.contenttype", "fields": {"model": "questions", "name": "\u0412\u043e\u043f\u0440\u043e\u0441", "app_label": "ques"}}, {"pk": 16, "model": "contenttypes.contenttype", "fields": {"model": "posts", "name": "\u0414\u043e\u043b\u0436\u043d\u043e\u0441\u0442\u044c", "app_label": "company"}}, {"pk": 20, "model": "contenttypes.contenttype", "fields": {"model": "pcoptionlisthistory", "name": "\u0418\u0441\u0442\u043e\u0440\u0438\u044f \u0445\u0430\u0440\u0430\u043a\u0442\u0435\u0440\u0438\u0441\u0442\u0438\u043a\u0430 \u0434\u043b\u044f \u043a\u0430\u0436\u0434\u043e\u0433\u043e \u041f\u041a", "app_label": "company"}}, {"pk": 13, "model": "contenttypes.contenttype", "fields": {"model": "company", "name": "\u041a\u043e\u043c\u043f\u0430\u043d\u0438\u044f", "app_label": "company"}}, {"pk": 15, "model": "contenttypes.contenttype", "fields": {"model": "companypc", "name": "\u041a\u043e\u043c\u043f\u044c\u044e\u0442\u0435\u0440 \u0432 \u043a\u043e\u043c\u043f\u0430\u043d\u0438\u0438", "app_label": "company"}}, {"pk": 17, "model": "contenttypes.contenttype", "fields": {"model": "companyadmins", "name": "\u041a\u0443\u0440\u0430\u0442\u043e\u0440", "app_label": "company"}}, {"pk": 14, "model": "contenttypes.contenttype", "fields": {"model": "departments", "name": "\u041e\u0442\u0434\u0435\u043b", "app_label": "company"}}, {"pk": 21, "model": "contenttypes.contenttype", "fields": {"model": "profile", "name": "\u041f\u0440\u043e\u0444\u0438\u043b\u044c", "app_label": "profiles"}}, {"pk": 11, "model": "contenttypes.contenttype", "fields": {"model": "chat", "name": "\u0421\u043e\u043e\u0431\u0449\u0435\u043d\u0438\u0435 \u0447\u0430\u0442\u0430", "app_label": "ques"}}, {"pk": 22, "model": "contenttypes.contenttype", "fields": {"model": "files", "name": "\u0424\u0430\u0439\u043b", "app_label": "files"}}, {"pk": 19, "model": "contenttypes.contenttype", "fields": {"model": "pcoptionslist", "name": "\u0425\u0430\u0440\u0430\u043a\u0442\u0435\u0440\u0438\u0441\u0442\u0438\u043a\u0430 \u0434\u043b\u044f \u043a\u0430\u0436\u0434\u043e\u0433\u043e \u041f\u041a", "app_label": "company"}}, {"pk": "ef39ac47b0afe3586056556401fee775", "model": "sessions.session", "fields": {"expire_date": "2012-08-13T09:23:50.578Z", "session_data": "NWI3ODcyOGYyNzljZGZiNDM4YjkwOGU5Y2RkMzEwNWU0NDEzMWRmMjqAAn1xAShVEl9hdXRoX3Vz\nZXJfYmFja2VuZHECVSlkamFuZ28uY29udHJpYi5hdXRoLmJhY2tlbmRzLk1vZGVsQmFja2VuZHED\nVQ1fYXV0aF91c2VyX2lkcQRLAXUu\n"}}, {"pk": "e296474e17911b342d54718fdd4433df", "model": "sessions.session", "fields": {"expire_date": "2012-08-10T04:41:49.047Z", "session_data": "NWI3ODcyOGYyNzljZGZiNDM4YjkwOGU5Y2RkMzEwNWU0NDEzMWRmMjqAAn1xAShVEl9hdXRoX3Vz\nZXJfYmFja2VuZHECVSlkamFuZ28uY29udHJpYi5hdXRoLmJhY2tlbmRzLk1vZGVsQmFja2VuZHED\nVQ1fYXV0aF91c2VyX2lkcQRLAXUu\n"}}, {"pk": "aa948541edf11f0b8541c2ec78a69149", "model": "sessions.session", "fields": {"expire_date": "2012-08-10T12:25:09.194Z", "session_data": "YWY4NjM5NTljNzhmOTAyMDAzMjE2YTMwZTc2ODA4MjRlYmZiZGI2YzqAAn1xAShVCFNZU1RFTV9T\niVUKdGVzdGNvb2tpZXECVQZ3b3JrZWRxA3Uu\n"}}, {"pk": "9a84c25d9389078df7310ca6d0019276", "model": "sessions.session", "fields": {"expire_date": "2012-08-10T09:03:35.141Z", "session_data": "Mjc2ZmE0ZmRhZjBhYzc5MWJlODA0Zjc2MTRhYWU4ZjcwNmViY2ZmODqAAn1xAShVCnRlc3Rjb29r\naWVxAlUGd29ya2VkcQNVDV9hdXRoX3VzZXJfaWRLAVUSX2F1dGhfdXNlcl9iYWNrZW5kVSlkamFu\nZ28uY29udHJpYi5hdXRoLmJhY2tlbmRzLk1vZGVsQmFja2VuZHUu\n"}}, {"pk": "a0e7512419cbd538d676d9590524c43b", "model": "sessions.session", "fields": {"expire_date": "2012-08-10T10:25:40.108Z", "session_data": "MWMxYjcyY2Q1NGY4MDc4OTRlODJhYTM2MjUyYTc5YjFmNGQ1NDllZjqAAn1xAVUKdGVzdGNvb2tp\nZVUGd29ya2VkcQJzLg==\n"}}, {"pk": "da5cac0626afc8d84b9ff7e45dbad512", "model": "sessions.session", "fields": {"expire_date": "2012-08-10T11:28:28.630Z", "session_data": "ZDU2NjgwOTdkZjNjZTc3YzIyMzEwZjc1YjQyZGE1MmFkYzlmMDk1MDqAAn1xAShVCFNZU1RFTV9T\niVUKdGVzdGNvb2tpZVUGd29ya2VkcQJ1Lg==\n"}}, {"pk": 1, "model": "sites.site", "fields": {"domain": "example.com", "name": "example.com"}}, {"pk": 1, "model": "ques.emails", "fields": {"body": "123", "sended": false, "mail_to": "al@ferromet.ru", "subject": "\u0421\u043e\u043e\u0431\u0449\u0435\u043d\u0438\u0435 \u043e\u0442 \u041e\u041e\u041e \u0424\u0415\u0420\u0420\u041e\u041c\u0415\u0422"}}, {"pk": 1, "model": "company.departments", "fields": {"name": "\u041e\u0441\u043d\u043e\u0432\u043d\u043e\u0439"}}, {"pk": 2, "model": "company.departments", "fields": {"name": "\u0411\u0443\u0445\u0433\u0430\u043b\u0442\u0435\u0440\u0438\u044f"}}, {"pk": 3, "model": "company.departments", "fields": {"name": "\u0414\u0438\u0440\u0435\u043a\u0442\u043e\u0440\u0430\u0442"}}, {"pk": 4, "model": "company.departments", "fields": {"name": "\u0424\u0438\u043d\u0430\u043d\u0441\u0438\u0441\u0442\u044b"}}, {"pk": 30, "model": "company.companypc", "fields": {"pc_name": "\u041e\u041e\u041e \u0424\u0415\u0420\u0420\u041e\u041c\u0415\u0422 secretary", "company": 1, "departament": 4, "pc_nameId": 29}}, {"pk": 23, "model": "company.companypc", "fields": {"pc_name": "\u041e\u041e\u041e \u0424\u0415\u0420\u0420\u041e\u041c\u0415\u0422 server", "company": 1, "departament": 4, "pc_nameId": 22}}, {"pk": 22, "model": "company.companypc", "fields": {"pc_name": "\u041e\u041e\u041e \u0424\u0415\u0420\u0420\u041e\u041c\u0415\u0422 buh", "company": 1, "departament": 3, "pc_nameId": 21}}, {"pk": 14, "model": "company.companypc", "fields": {"pc_name": "\u041e\u041e\u041e \u0424\u0415\u0420\u0420\u041e\u041c\u0415\u0422 mail", "company": 1, "departament": 2, "pc_nameId": 13}}, {"pk": 13, "model": "company.companypc", "fields": {"pc_name": "\u041e\u041e\u041e \u0424\u0415\u0420\u0420\u041e\u041c\u0415\u0422 secretary", "company": 1, "departament": 2, "pc_nameId": 12}}, {"pk": 8, "model": "company.companypc", "fields": {"pc_name": "\u041e\u041e\u041e \u0424\u0415\u0420\u0420\u041e\u041c\u0415\u0422 mail", "company": 1, "departament": 3, "pc_nameId": 7}}, {"pk": 5, "model": "company.companypc", "fields": {"pc_name": "\u041e\u041e\u041e \u0424\u0415\u0420\u0420\u041e\u041c\u0415\u0422 buh", "company": 1, "departament": 3, "pc_nameId": 4}}, {"pk": 4, "model": "company.companypc", "fields": {"pc_name": "\u041e\u041e\u041e \u0424\u0415\u0420\u0420\u041e\u041c\u0415\u0422 mail", "company": 1, "departament": 1, "pc_nameId": 3}}, {"pk": 24, "model": "company.companypc", "fields": {"pc_name": "\u041e\u041e\u041e \u0418\u041d\u0422\u0415\u0420\u0421\u0422\u0410\u041b\u042c server", "company": 2, "departament": 3, "pc_nameId": 23}}, {"pk": 20, "model": "company.companypc", "fields": {"pc_name": "\u041e\u041e\u041e \u0418\u041d\u0422\u0415\u0420\u0421\u0422\u0410\u041b\u042c buh", "company": 2, "departament": 1, "pc_nameId": 19}}, {"pk": 10, "model": "company.companypc", "fields": {"pc_name": "\u041e\u041e\u041e \u0418\u041d\u0422\u0415\u0420\u0421\u0422\u0410\u041b\u042c secretary", "company": 2, "departament": 4, "pc_nameId": 9}}, {"pk": 7, "model": "company.companypc", "fields": {"pc_name": "\u041e\u041e\u041e \u0418\u041d\u0422\u0415\u0420\u0421\u0422\u0410\u041b\u042c buh", "company": 2, "departament": 1, "pc_nameId": 6}}, {"pk": 3, "model": "company.companypc", "fields": {"pc_name": "\u041e\u041e\u041e \u0418\u041d\u0422\u0415\u0420\u0421\u0422\u0410\u041b\u042c manager", "company": 2, "departament": 4, "pc_nameId": 2}}, {"pk": 27, "model": "company.companypc", "fields": {"pc_name": "\u041e\u041e\u041e \u0420\u0411\u041a manager", "company": 3, "departament": 4, "pc_nameId": 26}}, {"pk": 21, "model": "company.companypc", "fields": {"pc_name": "\u041e\u041e\u041e \u0420\u0411\u041a manager", "company": 3, "departament": 3, "pc_nameId": 20}}, {"pk": 19, "model": "company.companypc", "fields": {"pc_name": "\u041e\u041e\u041e \u0420\u0411\u041a server", "company": 3, "departament": 3, "pc_nameId": 18}}, {"pk": 16, "model": "company.companypc", "fields": {"pc_name": "\u041e\u041e\u041e \u0420\u0411\u041a buh", "company": 3, "departament": 1, "pc_nameId": 15}}, {"pk": 11, "model": "company.companypc", "fields": {"pc_name": "\u041e\u041e\u041e \u0420\u0411\u041a manager", "company": 3, "departament": 3, "pc_nameId": 10}}, {"pk": 29, "model": "company.companypc", "fields": {"pc_name": "\u041e\u041e\u041e \u0421\u0415\u0412\u0417\u0410\u041f buh", "company": 4, "departament": 3, "pc_nameId": 28}}, {"pk": 17, "model": "company.companypc", "fields": {"pc_name": "\u041e\u041e\u041e \u0421\u0415\u0412\u0417\u0410\u041f server", "company": 4, "departament": 4, "pc_nameId": 16}}, {"pk": 2, "model": "company.companypc", "fields": {"pc_name": "\u041e\u041e\u041e \u0421\u0415\u0412\u0417\u0410\u041f buh", "company": 4, "departament": 3, "pc_nameId": 1}}, {"pk": 28, "model": "company.companypc", "fields": {"pc_name": "\u041e\u041e\u041e \u041f\u0440\u0438\u0431\u043e\u0440\u044b buh", "company": 5, "departament": 4, "pc_nameId": 27}}, {"pk": 26, "model": "company.companypc", "fields": {"pc_name": "\u041e\u041e\u041e \u041f\u0440\u0438\u0431\u043e\u0440\u044b manager", "company": 5, "departament": 4, "pc_nameId": 25}}, {"pk": 25, "model": "company.companypc", "fields": {"pc_name": "\u041e\u041e\u041e \u041f\u0440\u0438\u0431\u043e\u0440\u044b buh", "company": 5, "departament": 4, "pc_nameId": 24}}, {"pk": 18, "model": "company.companypc", "fields": {"pc_name": "\u041e\u041e\u041e \u041f\u0440\u0438\u0431\u043e\u0440\u044b server", "company": 5, "departament": 4, "pc_nameId": 17}}, {"pk": 15, "model": "company.companypc", "fields": {"pc_name": "\u041e\u041e\u041e \u041f\u0440\u0438\u0431\u043e\u0440\u044b mail", "company": 5, "departament": 1, "pc_nameId": 14}}, {"pk": 12, "model": "company.companypc", "fields": {"pc_name": "\u041e\u041e\u041e \u041f\u0440\u0438\u0431\u043e\u0440\u044b mail", "company": 5, "departament": 3, "pc_nameId": 11}}, {"pk": 9, "model": "company.companypc", "fields": {"pc_name": "\u041e\u041e\u041e \u041f\u0440\u0438\u0431\u043e\u0440\u044b secretary", "company": 5, "departament": 1, "pc_nameId": 8}}, {"pk": 6, "model": "company.companypc", "fields": {"pc_name": "\u041e\u041e\u041e \u041f\u0440\u0438\u0431\u043e\u0440\u044b manager", "company": 5, "departament": 3, "pc_nameId": 5}}, {"pk": 1, "model": "company.companypc", "fields": {"pc_name": "\u041e\u041e\u041e \u041f\u0440\u0438\u0431\u043e\u0440\u044b secretary", "company": 5, "departament": 4, "pc_nameId": 0}}, {"pk": 3, "model": "company.posts", "fields": {"decription": "\u041f\u043e \u0432\u043e\u043f\u0440\u043e\u0441\u0430\u043c 1c", "name": "1\u0441"}}, {"pk": 4, "model": "company.posts", "fields": {"decription": "\u041f\u043e \u0432\u043e\u043f\u0440\u043e\u0441\u0430\u043c Access", "name": "\u0410\u043a\u0441\u0435\u0441"}}, {"pk": 2, "model": "company.posts", "fields": {"decription": "\u041f\u043e \u0432\u043e\u043f\u0440\u043e\u0441\u0430\u043c \u0436\u0435\u043b\u0435\u0437\u0430", "name": "\u0416\u0435\u043b\u0435\u0437\u043e"}}, {"pk": 1, "model": "company.posts", "fields": {"decription": "\u041f\u043e \u0433\u043b\u0430\u0432\u043d\u044b\u043c \u0432\u043e\u043f\u0440\u043e\u0441\u0430\u043c", "name": "\u041a\u0443\u0440\u0430\u0442\u043e\u0440"}}, {"pk": 2, "model": "company.pcoptions", "fields": {"name": "\u0412\u0438\u0434\u0435\u043e\u043a\u0430\u0440\u0442\u0430"}}, {"pk": 3, "model": "company.pcoptions", "fields": {"name": "\u0416\u0435\u0441\u0442\u043a\u0438\u0439 \u0434\u0438\u0441\u043a"}}, {"pk": 4, "model": "company.pcoptions", "fields": {"name": "\u043e\u0441\u043d\u043e\u0432\u043d\u043e\u0439"}}, {"pk": 1, "model": "company.pcoptions", "fields": {"name": "\u041f\u0440\u043e\u0446\u0435\u0441\u0441\u043e\u0440"}}, {"pk": 25, "model": "auth.permission", "fields": {"codename": "add_logentry", "name": "Can add log entry", "content_type": 9}}, {"pk": 26, "model": "auth.permission", "fields": {"codename": "change_logentry", "name": "Can change log entry", "content_type": 9}}, {"pk": 27, "model": "auth.permission", "fields": {"codename": "delete_logentry", "name": "Can delete log entry", "content_type": 9}}, {"pk": 10, "model": "auth.permission", "fields": {"codename": "add_group", "name": "Can add group", "content_type": 4}}, {"pk": 11, "model": "auth.permission", "fields": {"codename": "change_group", "name": "Can change group", "content_type": 4}}, {"pk": 12, "model": "auth.permission", "fields": {"codename": "delete_group", "name": "Can delete group", "content_type": 4}}, {"pk": 7, "model": "auth.permission", "fields": {"codename": "add_permission", "name": "Can add permission", "content_type": 3}}, {"pk": 8, "model": "auth.permission", "fields": {"codename": "change_permission", "name": "Can change permission", "content_type": 3}}, {"pk": 9, "model": "auth.permission", "fields": {"codename": "delete_permission", "name": "Can delete permission", "content_type": 3}}, {"pk": 13, "model": "auth.permission", "fields": {"codename": "add_user", "name": "Can add user", "content_type": 5}}, {"pk": 14, "model": "auth.permission", "fields": {"codename": "change_user", "name": "Can change user", "content_type": 5}}, {"pk": 15, "model": "auth.permission", "fields": {"codename": "delete_user", "name": "Can delete user", "content_type": 5}}, {"pk": 37, "model": "auth.permission", "fields": {"codename": "add_company", "name": "Can add \u041a\u043e\u043c\u043f\u0430\u043d\u0438\u044f", "content_type": 13}}, {"pk": 38, "model": "auth.permission", "fields": {"codename": "change_company", "name": "Can change \u041a\u043e\u043c\u043f\u0430\u043d\u0438\u044f", "content_type": 13}}, {"pk": 39, "model": "auth.permission", "fields": {"codename": "delete_company", "name": "Can delete \u041a\u043e\u043c\u043f\u0430\u043d\u0438\u044f", "content_type": 13}}, {"pk": 49, "model": "auth.permission", "fields": {"codename": "add_companyadmins", "name": "Can add \u041a\u0443\u0440\u0430\u0442\u043e\u0440", "content_type": 17}}, {"pk": 50, "model": "auth.permission", "fields": {"codename": "change_companyadmins", "name": "Can change \u041a\u0443\u0440\u0430\u0442\u043e\u0440", "content_type": 17}}, {"pk": 51, "model": "auth.permission", "fields": {"codename": "delete_companyadmins", "name": "Can delete \u041a\u0443\u0440\u0430\u0442\u043e\u0440", "content_type": 17}}, {"pk": 43, "model": "auth.permission", "fields": {"codename": "add_companypc", "name": "Can add \u041a\u043e\u043c\u043f\u044c\u044e\u0442\u0435\u0440 \u0432 \u043a\u043e\u043c\u043f\u0430\u043d\u0438\u0438", "content_type": 15}}, {"pk": 44, "model": "auth.permission", "fields": {"codename": "change_companypc", "name": "Can change \u041a\u043e\u043c\u043f\u044c\u044e\u0442\u0435\u0440 \u0432 \u043a\u043e\u043c\u043f\u0430\u043d\u0438\u0438", "content_type": 15}}, {"pk": 45, "model": "auth.permission", "fields": {"codename": "delete_companypc", "name": "Can delete \u041a\u043e\u043c\u043f\u044c\u044e\u0442\u0435\u0440 \u0432 \u043a\u043e\u043c\u043f\u0430\u043d\u0438\u0438", "content_type": 15}}, {"pk": 40, "model": "auth.permission", "fields": {"codename": "add_departments", "name": "Can add \u041e\u0442\u0434\u0435\u043b", "content_type": 14}}, {"pk": 41, "model": "auth.permission", "fields": {"codename": "change_departments", "name": "Can change \u041e\u0442\u0434\u0435\u043b", "content_type": 14}}, {"pk": 42, "model": "auth.permission", "fields": {"codename": "delete_departments", "name": "Can delete \u041e\u0442\u0434\u0435\u043b", "content_type": 14}}, {"pk": 58, "model": "auth.permission", "fields": {"codename": "add_pcoptionlisthistory", "name": "Can add \u0418\u0441\u0442\u043e\u0440\u0438\u044f \u0445\u0430\u0440\u0430\u043a\u0442\u0435\u0440\u0438\u0441\u0442\u0438\u043a\u0430 \u0434\u043b\u044f \u043a\u0430\u0436\u0434\u043e\u0433\u043e \u041f\u041a", "content_type": 20}}, {"pk": 59, "model": "auth.permission", "fields": {"codename": "change_pcoptionlisthistory", "name": "Can change \u0418\u0441\u0442\u043e\u0440\u0438\u044f \u0445\u0430\u0440\u0430\u043a\u0442\u0435\u0440\u0438\u0441\u0442\u0438\u043a\u0430 \u0434\u043b\u044f \u043a\u0430\u0436\u0434\u043e\u0433\u043e \u041f\u041a", "content_type": 20}}, {"pk": 60, "model": "auth.permission", "fields": {"codename": "delete_pcoptionlisthistory", "name": "Can delete \u0418\u0441\u0442\u043e\u0440\u0438\u044f \u0445\u0430\u0440\u0430\u043a\u0442\u0435\u0440\u0438\u0441\u0442\u0438\u043a\u0430 \u0434\u043b\u044f \u043a\u0430\u0436\u0434\u043e\u0433\u043e \u041f\u041a", "content_type": 20}}, {"pk": 52, "model": "auth.permission", "fields": {"codename": "add_pcoptions", "name": "Can add \u0412\u0438\u0434 \u0445\u0430\u0440\u0430\u043a\u0442\u0435\u0440\u0438\u0441\u0442\u0438\u043a\u0438 \u041f\u041a", "content_type": 18}}, {"pk": 53, "model": "auth.permission", "fields": {"codename": "change_pcoptions", "name": "Can change \u0412\u0438\u0434 \u0445\u0430\u0440\u0430\u043a\u0442\u0435\u0440\u0438\u0441\u0442\u0438\u043a\u0438 \u041f\u041a", "content_type": 18}}, {"pk": 54, "model": "auth.permission", "fields": {"codename": "delete_pcoptions", "name": "Can delete \u0412\u0438\u0434 \u0445\u0430\u0440\u0430\u043a\u0442\u0435\u0440\u0438\u0441\u0442\u0438\u043a\u0438 \u041f\u041a", "content_type": 18}}, {"pk": 55, "model": "auth.permission", "fields": {"codename": "add_pcoptionslist", "name": "Can add \u0425\u0430\u0440\u0430\u043a\u0442\u0435\u0440\u0438\u0441\u0442\u0438\u043a\u0430 \u0434\u043b\u044f \u043a\u0430\u0436\u0434\u043e\u0433\u043e \u041f\u041a", "content_type": 19}}, {"pk": 56, "model": "auth.permission", "fields": {"codename": "change_pcoptionslist", "name": "Can change \u0425\u0430\u0440\u0430\u043a\u0442\u0435\u0440\u0438\u0441\u0442\u0438\u043a\u0430 \u0434\u043b\u044f \u043a\u0430\u0436\u0434\u043e\u0433\u043e \u041f\u041a", "content_type": 19}}, {"pk": 57, "model": "auth.permission", "fields": {"codename": "delete_pcoptionslist", "name": "Can delete \u0425\u0430\u0440\u0430\u043a\u0442\u0435\u0440\u0438\u0441\u0442\u0438\u043a\u0430 \u0434\u043b\u044f \u043a\u0430\u0436\u0434\u043e\u0433\u043e \u041f\u041a", "content_type": 19}}, {"pk": 46, "model": "auth.permission", "fields": {"codename": "add_posts", "name": "Can add \u0414\u043e\u043b\u0436\u043d\u043e\u0441\u0442\u044c", "content_type": 16}}, {"pk": 47, "model": "auth.permission", "fields": {"codename": "change_posts", "name": "Can change \u0414\u043e\u043b\u0436\u043d\u043e\u0441\u0442\u044c", "content_type": 16}}, {"pk": 48, "model": "auth.permission", "fields": {"codename": "delete_posts", "name": "Can delete \u0414\u043e\u043b\u0436\u043d\u043e\u0441\u0442\u044c", "content_type": 16}}, {"pk": 16, "model": "auth.permission", "fields": {"codename": "add_contenttype", "name": "Can add content type", "content_type": 6}}, {"pk": 17, "model": "auth.permission", "fields": {"codename": "change_contenttype", "name": "Can change content type", "content_type": 6}}, {"pk": 18, "model": "auth.permission", "fields": {"codename": "delete_contenttype", "name": "Can delete content type", "content_type": 6}}, {"pk": 4, "model": "auth.permission", "fields": {"codename": "add_dashboardpreferences", "name": "Can add dashboard preferences", "content_type": 2}}, {"pk": 5, "model": "auth.permission", "fields": {"codename": "change_dashboardpreferences", "name": "Can change dashboard preferences", "content_type": 2}}, {"pk": 6, "model": "auth.permission", "fields": {"codename": "delete_dashboardpreferences", "name": "Can delete dashboard preferences", "content_type": 2}}, {"pk": 64, "model": "auth.permission", "fields": {"codename": "add_files", "name": "Can add \u0424\u0430\u0439\u043b", "content_type": 22}}, {"pk": 65, "model": "auth.permission", "fields": {"codename": "change_files", "name": "Can change \u0424\u0430\u0439\u043b", "content_type": 22}}, {"pk": 66, "model": "auth.permission", "fields": {"codename": "delete_files", "name": "Can delete \u0424\u0430\u0439\u043b", "content_type": 22}}, {"pk": 1, "model": "auth.permission", "fields": {"codename": "add_bookmark", "name": "Can add bookmark", "content_type": 1}}, {"pk": 2, "model": "auth.permission", "fields": {"codename": "change_bookmark", "name": "Can change bookmark", "content_type": 1}}, {"pk": 3, "model": "auth.permission", "fields": {"codename": "delete_bookmark", "name": "Can delete bookmark", "content_type": 1}}, {"pk": 61, "model": "auth.permission", "fields": {"codename": "add_profile", "name": "Can add \u041f\u0440\u043e\u0444\u0438\u043b\u044c", "content_type": 21}}, {"pk": 62, "model": "auth.permission", "fields": {"codename": "change_profile", "name": "Can change \u041f\u0440\u043e\u0444\u0438\u043b\u044c", "content_type": 21}}, {"pk": 63, "model": "auth.permission", "fields": {"codename": "delete_profile", "name": "Can delete \u041f\u0440\u043e\u0444\u0438\u043b\u044c", "content_type": 21}}, {"pk": 31, "model": "auth.permission", "fields": {"codename": "add_chat", "name": "Can add \u0421\u043e\u043e\u0431\u0449\u0435\u043d\u0438\u0435 \u0447\u0430\u0442\u0430", "content_type": 11}}, {"pk": 32, "model": "auth.permission", "fields": {"codename": "change_chat", "name": "Can change \u0421\u043e\u043e\u0431\u0449\u0435\u043d\u0438\u0435 \u0447\u0430\u0442\u0430", "content_type": 11}}, {"pk": 33, "model": "auth.permission", "fields": {"codename": "delete_chat", "name": "Can delete \u0421\u043e\u043e\u0431\u0449\u0435\u043d\u0438\u0435 \u0447\u0430\u0442\u0430", "content_type": 11}}, {"pk": 34, "model": "auth.permission", "fields": {"codename": "add_emails", "name": "Can add emails", "content_type": 12}}, {"pk": 35, "model": "auth.permission", "fields": {"codename": "change_emails", "name": "Can change emails", "content_type": 12}}, {"pk": 36, "model": "auth.permission", "fields": {"codename": "delete_emails", "name": "Can delete emails", "content_type": 12}}, {"pk": 28, "model": "auth.permission", "fields": {"codename": "add_questions", "name": "Can add \u0412\u043e\u043f\u0440\u043e\u0441", "content_type": 10}}, {"pk": 29, "model": "auth.permission", "fields": {"codename": "change_questions", "name": "Can change \u0412\u043e\u043f\u0440\u043e\u0441", "content_type": 10}}, {"pk": 30, "model": "auth.permission", "fields": {"codename": "delete_questions", "name": "Can delete \u0412\u043e\u043f\u0440\u043e\u0441", "content_type": 10}}, {"pk": 19, "model": "auth.permission", "fields": {"codename": "add_session", "name": "Can add session", "content_type": 7}}, {"pk": 20, "model": "auth.permission", "fields": {"codename": "change_session", "name": "Can change session", "content_type": 7}}, {"pk": 21, "model": "auth.permission", "fields": {"codename": "delete_session", "name": "Can delete session", "content_type": 7}}, {"pk": 22, "model": "auth.permission", "fields": {"codename": "add_site", "name": "Can add site", "content_type": 8}}, {"pk": 23, "model": "auth.permission", "fields": {"codename": "change_site", "name": "Can change site", "content_type": 8}}, {"pk": 24, "model": "auth.permission", "fields": {"codename": "delete_site", "name": "Can delete site", "content_type": 8}}, {"pk": 11, "model": "auth.user", "fields": {"username": "test1", "first_name": "\u0422\u0415\u0421", "last_name": "", "is_active": true, "is_superuser": false, "is_staff": false, "last_login": "2012-07-26T11:36:13.434Z", "groups": [], "user_permissions": [], "password": "pbkdf2_sha256$10000$XeCPsoyClt2f$T7XURbE7d7KoZttwYZzSixQnqEdoUFRbL8F+Xug4FHk=", "email": "", "date_joined": "2012-07-26T11:36:13.435Z"}}, {"pk": 12, "model": "auth.user", "fields": {"username": "rbk123", "first_name": "\u0410\u043b\u0435\u043a\u0441\u0430\u043d\u0434\u0440\u043e\u0432", "last_name": "Alexa", "is_active": true, "is_superuser": false, "is_staff": false, "last_login": "2012-07-26T11:38:43.647Z", "groups": [], "user_permissions": [], "password": "pbkdf2_sha256$10000$gob8wKj8ReDl$o7S+1eoZuWT54GcKkIvDeIBGuLrsWys+RqOa3EBeIS8=", "email": "asd@fregat.ru", "date_joined": "2012-07-26T11:38:43.647Z"}}, {"pk": 13, "model": "auth.user", "fields": {"username": "rbk3333", "first_name": "\u0413\u043b\u0430\u0432\u043d\u044b\u0439 \u043a\u0443\u0440\u0430\u0442\u043e\u0440", "last_name": "\u041c\u0438\u0445\u0430\u0438\u043b", "is_active": true, "is_superuser": false, "is_staff": false, "last_login": "2012-07-26T11:39:06.355Z", "groups": [], "user_permissions": [], "password": "pbkdf2_sha256$10000$WKEorcptR63N$da/JIInds2zizB0FR26VI+v/2FCnov3eiJJCV50n3aU=", "email": "al@ferromet.ru", "date_joined": "2012-07-26T11:39:06.355Z"}}, {"pk": 14, "model": "auth.user", "fields": {"username": "testtest", "first_name": "TEST1", "last_name": "", "is_active": true, "is_superuser": false, "is_staff": false, "last_login": "2012-07-26T11:39:58.099Z", "groups": [], "user_permissions": [], "password": "pbkdf2_sha256$10000$GxaECSwhZKx5$OdXN3jSrIBg0DWCDTwaoQPovSBujcld9+qMf2/AGUh0=", "email": "", "date_joined": "2012-07-26T11:39:58.099Z"}}, {"pk": 15, "model": "auth.user", "fields": {"username": "rbk12333", "first_name": "Michael", "last_name": "", "is_active": true, "is_superuser": false, "is_staff": false, "last_login": "2012-07-26T11:41:13.881Z", "groups": [], "user_permissions": [], "password": "pbkdf2_sha256$10000$FDed0kX9ROaL$B5sphXAZXYiI8oV/vRN0OCyqLxWpPxcqf9kvp1QHWAQ=", "email": "", "date_joined": "2012-07-26T11:41:13.881Z"}}, {"pk": 16, "model": "auth.user", "fields": {"username": "rbk55555", "first_name": "Alw", "last_name": "", "is_active": true, "is_superuser": false, "is_staff": false, "last_login": "2012-07-26T11:43:54.949Z", "groups": [], "user_permissions": [], "password": "pbkdf2_sha256$10000$rKE5SjJxoEse$FuW1djwbFyVaAx2pnusCOguWsf2Nug0Z+xRtxWmscR8=", "email": "", "date_joined": "2012-07-26T11:43:54.949Z"}}, {"pk": 7, "model": "auth.user", "fields": {"username": "intersteel", "first_name": "\u041e\u041e\u041e \u0418\u041d\u0422\u0415\u0420\u0421\u0422\u0410\u041b\u042c", "last_name": "", "is_active": true, "is_superuser": false, "is_staff": false, "last_login": "2012-07-26T08:23:34.492Z", "groups": [], "user_permissions": [], "password": "pbkdf2_sha256$10000$452SISHeSv8U$LtcM8YWw0JNFk9ADuPqet5WCfgxFAvWSyjWPwd/bttY=", "email": "", "date_joined": "2012-07-26T08:23:34.492Z"}}, {"pk": 8, "model": "auth.user", "fields": {"username": "rbk", "first_name": "\u041e\u041e\u041e \u0420\u0411\u041a", "last_name": "", "is_active": true, "is_superuser": false, "is_staff": false, "last_login": "2012-07-26T08:23:34.620Z", "groups": [], "user_permissions": [], "password": "pbkdf2_sha256$10000$0tVhFFsI5PvE$/S3/w128iVO7x4vCPSQHWD4EZGm7ZNCcLzz5eomhM0o=", "email": "", "date_joined": "2012-07-26T08:23:34.620Z"}}, {"pk": 17, "model": "auth.user", "fields": {"username": "optiktron", "first_name": "\u043e\u043f\u0442\u0438\u043a", "last_name": "", "is_active": true, "is_superuser": false, "is_staff": false, "last_login": "2012-07-27T04:51:59.571Z", "groups": [], "user_permissions": [], "password": "pbkdf2_sha256$10000$vfyuowApim20$C1R+qbTr7SYyR19m0k+CnmkkNl2kA4mjqv8e522aUws=", "email": "", "date_joined": "2012-07-27T04:51:59.571Z"}}, {"pk": 9, "model": "auth.user", "fields": {"username": "sevzap", "first_name": "\u041e\u041e\u041e \u0421\u0415\u0412\u0417\u0410\u041f", "last_name": "", "is_active": true, "is_superuser": false, "is_staff": false, "last_login": "2012-07-26T08:23:34.748Z", "groups": [], "user_permissions": [], "password": "pbkdf2_sha256$10000$1frz6M7V7sy3$6wOvIKEypG4Yzjw5co+3we2Di5aUa3H8Mq2B/kVmYCs=", "email": "", "date_joined": "2012-07-26T08:23:34.748Z"}}, {"pk": 10, "model": "auth.user", "fields": {"username": "test", "first_name": "\u041e\u041e\u041e \u041f\u0440\u0438\u0431\u043e\u0440\u044b", "last_name": "", "is_active": true, "is_superuser": false, "is_staff": false, "last_login": "2012-07-26T08:23:34.877Z", "groups": [], "user_permissions": [], "password": "pbkdf2_sha256$10000$iTTA2vWeFMV7$8jHNKHK/1DVcxtWCBuhIM5ZZWriwRHUknUfRMinBX3M=", "email": "", "date_joined": "2012-07-26T08:23:34.877Z"}}, {"pk": 3, "model": "auth.user", "fields": {"username": "ivanov", "first_name": "\u0421\u0435\u0440\u0433\u0435\u0439", "last_name": "\u0418\u0432\u0430\u043d\u043e\u0432", "is_active": true, "is_superuser": false, "is_staff": false, "last_login": "2012-07-26T08:23:33.962Z", "groups": [], "user_permissions": [], "password": "pbkdf2_sha256$10000$DVbmv42DMWku$i4jIlFg0RiBgjSwvJxlujk585DFIJ6rl6M9RA39SRDk=", "email": "", "date_joined": "2012-07-26T08:23:33.962Z"}}, {"pk": 4, "model": "auth.user", "fields": {"username": "petrov", "first_name": "\u041f\u0430\u0432\u0435\u043b", "last_name": "\u041f\u0435\u0442\u0440\u043e\u0432", "is_active": true, "is_superuser": false, "is_staff": false, "last_login": "2012-07-26T08:23:34.095Z", "groups": [], "user_permissions": [], "password": "pbkdf2_sha256$10000$gq71b3tlraNx$nngnlgQndOR2e+bcjpW4YDHent6JEc5FQMwEYHD78s0=", "email": "", "date_joined": "2012-07-26T08:23:34.095Z"}}, {"pk": 5, "model": "auth.user", "fields": {"username": "maslov", "first_name": "\u0410\u043b\u0435\u043a\u0441\u0435\u0439", "last_name": "\u041c\u0430\u0441\u043b\u043e\u0432", "is_active": true, "is_superuser": false, "is_staff": false, "last_login": "2012-07-26T08:23:34.229Z", "groups": [], "user_permissions": [], "password": "pbkdf2_sha256$10000$AkzK7LX6rRs3$9sfN3UGP3peMjhhc5UoeR6LeDCJIj5t20uqB7ape2fs=", "email": "", "date_joined": "2012-07-26T08:23:34.229Z"}}, {"pk": 18, "model": "auth.user", "fields": {"username": "otisss", "first_name": "otis", "last_name": "Alex", "is_active": true, "is_superuser": false, "is_staff": false, "last_login": "2012-07-27T04:55:11.657Z", "groups": [], "user_permissions": [], "password": "pbkdf2_sha256$10000$PrwOFQyxQgAl$v7eTyhx0rmYl90bVt32dUALZOpGMKG/a0USj4Wx3ky4=", "email": "asd@fregat.ru", "date_joined": "2012-07-27T04:55:11.657Z"}}, {"pk": 2, "model": "auth.user", "fields": {"username": "alexandrov", "first_name": "\u041c\u0438\u0445\u0430\u0438\u043b", "last_name": "\u0410\u043b\u0435\u043a\u0441\u0430\u043d\u0434\u0440\u043e\u0432", "is_active": true, "is_superuser": false, "is_staff": false, "last_login": "2012-07-30T08:27:02.922Z", "groups": [], "user_permissions": [], "password": "pbkdf2_sha256$10000$p3K0nEoBVlIr$5KtWCjBbnYUpSsH86ob8w0gmiOwczzOtDNJ9DZ6nRF8=", "email": "al@ferromet.ru", "date_joined": "2012-07-26T08:23:33.826Z"}}, {"pk": 6, "model": "auth.user", "fields": {"username": "ferromet", "first_name": "\u041e\u041e\u041e \u0424\u0415\u0420\u0420\u041e\u041c\u0415\u0422", "last_name": "", "is_active": true, "is_superuser": false, "is_staff": false, "last_login": "2012-07-30T08:44:58.928Z", "groups": [], "user_permissions": [], "password": "pbkdf2_sha256$10000$piBJFz6Kf8uz$Zp5SLy/08o+Kx0Un0w8UeeeD9xL4oHT5eNW30Sf2e+k=", "email": "", "date_joined": "2012-07-26T08:23:34.363Z"}}, {"pk": 1, "model": "auth.user", "fields": {"username": "admin", "first_name": "\u0413\u043b\u0430\u0432\u043d\u044b\u0439 \u043a\u0443\u0440\u0430\u0442\u043e\u0440", "last_name": "", "is_active": true, "is_superuser": true, "is_staff": true, "last_login": "2012-07-30T09:23:50.492Z", "groups": [], "user_permissions": [], "password": "pbkdf2_sha256$10000$ZKWaxzbDoMWP$ScmIK6qxE+DINAcm2NlTqu3VVp/9NYI0RhAsaN7hcr0=", "email": "a@a.ru", "date_joined": "2012-07-26T08:23:19.458Z"}}, {"pk": 3, "model": "admin.logentry", "fields": {"action_flag": 3, "action_time": "2012-07-30T08:03:39.382Z", "object_repr": "rbk3333", "object_id": "13", "change_message": "", "user": 1, "content_type": 5}}, {"pk": 2, "model": "admin.logentry", "fields": {"action_flag": 2, "action_time": "2012-07-26T08:36:31.608Z", "object_repr": "\u041c\u0438\u0445\u0430\u0438\u043b", "object_id": "2", "change_message": "\u0418\u0437\u043c\u0435\u043d\u0435\u043d image.", "user": 1, "content_type": 21}}, {"pk": 1, "model": "admin.logentry", "fields": {"action_flag": 2, "action_time": "2012-07-26T08:36:15.964Z", "object_repr": "\u0413\u043b\u0430\u0432\u043d\u044b\u0439 \u043a\u0443\u0440\u0430\u0442\u043e\u0440", "object_id": "1", "change_message": "\u0418\u0437\u043c\u0435\u043d\u0435\u043d image.", "user": 1, "content_type": 21}}, {"pk": 2, "model": "ques.questions", "fields": {"body": "123", "user_check_date": null, "pc_from": null, "worker_from": "", "slug": "ad0002", "date": "2012-07-27T05:25:02.405Z", "user_to": 4, "user_from": 1, "user_check": false}}, {"pk": 1, "model": "ques.questions", "fields": {"body": "123", "user_check_date": null, "pc_from": 4, "worker_from": "1", "slug": "fe0001", "date": "2012-07-26T09:47:31.186Z", "user_to": 2, "user_from": 6, "user_check": false}}, {"pk": 1, "model": "company.company", "fields": {"com_user": 6}}, {"pk": 2, "model": "company.company", "fields": {"com_user": 7}}, {"pk": 3, "model": "company.company", "fields": {"com_user": 8}}, {"pk": 4, "model": "company.company", "fields": {"com_user": 9}}, {"pk": 5, "model": "company.company", "fields": {"com_user": 10}}, {"pk": 6, "model": "company.company", "fields": {"com_user": 11}}, {"pk": 7, "model": "company.company", "fields": {"com_user": 14}}, {"pk": 8, "model": "company.company", "fields": {"com_user": 16}}, {"pk": 9, "model": "company.company", "fields": {"com_user": 17}}, {"pk": 1, "model": "company.companyadmins", "fields": {"username": 5, "company": 3, "post": 2}}, {"pk": 2, "model": "company.companyadmins", "fields": {"username": 5, "company": 1, "post": 3}}, {"pk": 3, "model": "company.companyadmins", "fields": {"username": 3, "company": 1, "post": 3}}, {"pk": 4, "model": "company.companyadmins", "fields": {"username": 4, "company": 3, "post": 2}}, {"pk": 5, "model": "company.companyadmins", "fields": {"username": 4, "company": 3, "post": 3}}, {"pk": 6, "model": "company.companyadmins", "fields": {"username": 3, "company": 4, "post": 4}}, {"pk": 7, "model": "company.companyadmins", "fields": {"username": 5, "company": 1, "post": 1}}, {"pk": 8, "model": "company.companyadmins", "fields": {"username": 2, "company": 3, "post": 4}}, {"pk": 9, "model": "company.companyadmins", "fields": {"username": 5, "company": 1, "post": 1}}, {"pk": 10, "model": "company.companyadmins", "fields": {"username": 4, "company": 4, "post": 1}}, {"pk": 11, "model": "company.companyadmins", "fields": {"username": 3, "company": 1, "post": 2}}, {"pk": 12, "model": "company.companyadmins", "fields": {"username": 4, "company": 1, "post": 4}}, {"pk": 13, "model": "company.companyadmins", "fields": {"username": 2, "company": 3, "post": 3}}, {"pk": 14, "model": "company.companyadmins", "fields": {"username": 4, "company": 3, "post": 3}}, {"pk": 15, "model": "company.companyadmins", "fields": {"username": 5, "company": 4, "post": 3}}, {"pk": 16, "model": "company.companyadmins", "fields": {"username": 2, "company": 5, "post": 1}}, {"pk": 17, "model": "company.companyadmins", "fields": {"username": 3, "company": 3, "post": 3}}, {"pk": 18, "model": "company.companyadmins", "fields": {"username": 4, "company": 4, "post": 3}}, {"pk": 19, "model": "company.companyadmins", "fields": {"username": 3, "company": 3, "post": 3}}, {"pk": 20, "model": "company.companyadmins", "fields": {"username": 4, "company": 1, "post": 1}}, {"pk": 21, "model": "company.companyadmins", "fields": {"username": 2, "company": 1, "post": 1}}, {"pk": 31, "model": "company.pcoptionslist", "fields": {"body": "m", "pc": 10, "date": "2012-07-26T08:23:35.573Z", "option": 2, "user": null}}, {"pk": 79, "model": "company.pcoptionslist", "fields": {"body": "t", "pc": 12, "date": "2012-07-26T08:23:35.832Z", "option": 2, "user": null}}, {"pk": 61, "model": "company.pcoptionslist", "fields": {"body": "t", "pc": 2, "date": "2012-07-26T08:23:35.734Z", "option": 2, "user": null}}, {"pk": 34, "model": "company.pcoptionslist", "fields": {"body": "q", "pc": 7, "date": "2012-07-26T08:23:35.589Z", "option": 2, "user": null}}, {"pk": 13, "model": "company.pcoptionslist", "fields": {"body": "e", "pc": 13, "date": "2012-07-26T08:23:35.478Z", "option": 2, "user": null}}, {"pk": 58, "model": "company.pcoptionslist", "fields": {"body": "o", "pc": 17, "date": "2012-07-26T08:23:35.718Z", "option": 2, "user": null}}, {"pk": 37, "model": "company.pcoptionslist", "fields": {"body": "t", "pc": 3, "date": "2012-07-26T08:23:35.605Z", "option": 2, "user": null}}, {"pk": 85, "model": "company.pcoptionslist", "fields": {"body": "z", "pc": 6, "date": "2012-07-26T08:23:35.864Z", "option": 2, "user": null}}, {"pk": 55, "model": "company.pcoptionslist", "fields": {"body": "w", "pc": 29, "date": "2012-07-26T08:23:35.701Z", "option": 2, "user": null}}, {"pk": 40, "model": "company.pcoptionslist", "fields": {"body": "e", "pc": 27, "date": "2012-07-26T08:23:35.621Z", "option": 2, "user": null}}, {"pk": 76, "model": "company.pcoptionslist", "fields": {"body": "b", "pc": 15, "date": "2012-07-26T08:23:35.816Z", "option": 2, "user": null}}, {"pk": 52, "model": "company.pcoptionslist", "fields": {"body": "a", "pc": 11, "date": "2012-07-26T08:23:35.685Z", "option": 2, "user": null}}, {"pk": 43, "model": "company.pcoptionslist", "fields": {"body": "o", "pc": 21, "date": "2012-07-26T08:23:35.637Z", "option": 2, "user": null}}, {"pk": 16, "model": "company.pcoptionslist", "fields": {"body": "t", "pc": 8, "date": "2012-07-26T08:23:35.494Z", "option": 2, "user": null}}, {"pk": 49, "model": "company.pcoptionslist", "fields": {"body": "o", "pc": 16, "date": "2012-07-26T08:23:35.669Z", "option": 2, "user": null}}, {"pk": 46, "model": "company.pcoptionslist", "fields": {"body": "a", "pc": 19, "date": "2012-07-26T08:23:35.653Z", "option": 2, "user": null}}, {"pk": 7, "model": "company.pcoptionslist", "fields": {"body": "t", "pc": 22, "date": "2012-07-26T08:23:35.446Z", "option": 2, "user": null}}, {"pk": 73, "model": "company.pcoptionslist", "fields": {"body": "j", "pc": 18, "date": "2012-07-26T08:23:35.799Z", "option": 2, "user": null}}, {"pk": 19, "model": "company.pcoptionslist", "fields": {"body": "z", "pc": 5, "date": "2012-07-26T08:23:35.510Z", "option": 2, "user": null}}, {"pk": 4, "model": "company.pcoptionslist", "fields": {"body": "a", "pc": 23, "date": "2012-07-26T08:23:35.430Z", "option": 2, "user": null}}, {"pk": 70, "model": "company.pcoptionslist", "fields": {"body": "o", "pc": 25, "date": "2012-07-26T08:23:35.782Z", "option": 2, "user": null}}, {"pk": 22, "model": "company.pcoptionslist", "fields": {"body": "z", "pc": 4, "date": "2012-07-26T08:23:35.526Z", "option": 2, "user": null}}, {"pk": 82, "model": "company.pcoptionslist", "fields": {"body": "o", "pc": 9, "date": "2012-07-26T08:23:35.848Z", "option": 2, "user": null}}, {"pk": 1, "model": "company.pcoptionslist", "fields": {"body": "y", "pc": 30, "date": "2012-07-26T08:23:35.408Z", "option": 2, "user": null}}, {"pk": 25, "model": "company.pcoptionslist", "fields": {"body": "w", "pc": 24, "date": "2012-07-26T08:23:35.541Z", "option": 2, "user": null}}, {"pk": 10, "model": "company.pcoptionslist", "fields": {"body": "t", "pc": 14, "date": "2012-07-26T08:23:35.462Z", "option": 2, "user": null}}, {"pk": 67, "model": "company.pcoptionslist", "fields": {"body": "z", "pc": 26, "date": "2012-07-26T08:23:35.766Z", "option": 2, "user": null}}, {"pk": 28, "model": "company.pcoptionslist", "fields": {"body": "y", "pc": 20, "date": "2012-07-26T08:23:35.557Z", "option": 2, "user": null}}, {"pk": 88, "model": "company.pcoptionslist", "fields": {"body": "w", "pc": 1, "date": "2012-07-26T08:23:35.880Z", "option": 2, "user": null}}, {"pk": 64, "model": "company.pcoptionslist", "fields": {"body": "y", "pc": 28, "date": "2012-07-26T08:23:35.750Z", "option": 2, "user": null}}, {"pk": 68, "model": "company.pcoptionslist", "fields": {"body": "t", "pc": 26, "date": "2012-07-26T08:23:35.771Z", "option": 3, "user": null}}, {"pk": 2, "model": "company.pcoptionslist", "fields": {"body": "r", "pc": 30, "date": "2012-07-26T08:23:35.419Z", "option": 3, "user": null}}, {"pk": 5, "model": "company.pcoptionslist", "fields": {"body": "b", "pc": 23, "date": "2012-07-26T08:23:35.436Z", "option": 3, "user": null}}, {"pk": 8, "model": "company.pcoptionslist", "fields": {"body": "w", "pc": 22, "date": "2012-07-26T08:23:35.452Z", "option": 3, "user": null}}, {"pk": 11, "model": "company.pcoptionslist", "fields": {"body": "y", "pc": 14, "date": "2012-07-26T08:23:35.468Z", "option": 3, "user": null}}, {"pk": 14, "model": "company.pcoptionslist", "fields": {"body": "a", "pc": 13, "date": "2012-07-26T08:23:35.483Z", "option": 3, "user": null}}, {"pk": 17, "model": "company.pcoptionslist", "fields": {"body": "y", "pc": 8, "date": "2012-07-26T08:23:35.499Z", "option": 3, "user": null}}, {"pk": 20, "model": "company.pcoptionslist", "fields": {"body": "w", "pc": 5, "date": "2012-07-26T08:23:35.515Z", "option": 3, "user": null}}, {"pk": 23, "model": "company.pcoptionslist", "fields": {"body": "o", "pc": 4, "date": "2012-07-26T08:23:35.531Z", "option": 3, "user": null}}, {"pk": 26, "model": "company.pcoptionslist", "fields": {"body": "u", "pc": 24, "date": "2012-07-26T08:23:35.547Z", "option": 3, "user": null}}, {"pk": 29, "model": "company.pcoptionslist", "fields": {"body": "p", "pc": 20, "date": "2012-07-26T08:23:35.562Z", "option": 3, "user": null}}, {"pk": 32, "model": "company.pcoptionslist", "fields": {"body": "p", "pc": 10, "date": "2012-07-26T08:23:35.578Z", "option": 3, "user": null}}, {"pk": 35, "model": "company.pcoptionslist", "fields": {"body": "e", "pc": 7, "date": "2012-07-26T08:23:35.594Z", "option": 3, "user": null}}, {"pk": 38, "model": "company.pcoptionslist", "fields": {"body": "e", "pc": 3, "date": "2012-07-26T08:23:35.610Z", "option": 3, "user": null}}, {"pk": 41, "model": "company.pcoptionslist", "fields": {"body": "t", "pc": 27, "date": "2012-07-26T08:23:35.627Z", "option": 3, "user": null}}, {"pk": 44, "model": "company.pcoptionslist", "fields": {"body": "q", "pc": 21, "date": "2012-07-26T08:23:35.643Z", "option": 3, "user": null}}, {"pk": 47, "model": "company.pcoptionslist", "fields": {"body": "r", "pc": 19, "date": "2012-07-26T08:23:35.659Z", "option": 3, "user": null}}, {"pk": 50, "model": "company.pcoptionslist", "fields": {"body": "o", "pc": 16, "date": "2012-07-26T08:23:35.675Z", "option": 3, "user": null}}, {"pk": 53, "model": "company.pcoptionslist", "fields": {"body": "z", "pc": 11, "date": "2012-07-26T08:23:35.690Z", "option": 3, "user": null}}, {"pk": 56, "model": "company.pcoptionslist", "fields": {"body": "m", "pc": 29, "date": "2012-07-26T08:23:35.707Z", "option": 3, "user": null}}, {"pk": 59, "model": "company.pcoptionslist", "fields": {"body": "u", "pc": 17, "date": "2012-07-26T08:23:35.723Z", "option": 3, "user": null}}, {"pk": 62, "model": "company.pcoptionslist", "fields": {"body": "w", "pc": 2, "date": "2012-07-26T08:23:35.739Z", "option": 3, "user": null}}, {"pk": 65, "model": "company.pcoptionslist", "fields": {"body": "m", "pc": 28, "date": "2012-07-26T08:23:35.755Z", "option": 3, "user": null}}, {"pk": 71, "model": "company.pcoptionslist", "fields": {"body": "r", "pc": 25, "date": "2012-07-26T08:23:35.788Z", "option": 3, "user": null}}, {"pk": 74, "model": "company.pcoptionslist", "fields": {"body": "w", "pc": 18, "date": "2012-07-26T08:23:35.805Z", "option": 3, "user": null}}, {"pk": 77, "model": "company.pcoptionslist", "fields": {"body": "a", "pc": 15, "date": "2012-07-26T08:23:35.821Z", "option": 3, "user": null}}, {"pk": 80, "model": "company.pcoptionslist", "fields": {"body": "a", "pc": 12, "date": "2012-07-26T08:23:35.837Z", "option": 3, "user": null}}, {"pk": 83, "model": "company.pcoptionslist", "fields": {"body": "o", "pc": 9, "date": "2012-07-26T08:23:35.853Z", "option": 3, "user": null}}, {"pk": 86, "model": "company.pcoptionslist", "fields": {"body": "r", "pc": 6, "date": "2012-07-26T08:23:35.869Z", "option": 3, "user": null}}, {"pk": 89, "model": "company.pcoptionslist", "fields": {"body": "y", "pc": 1, "date": "2012-07-26T08:23:35.886Z", "option": 3, "user": null}}, {"pk": 33, "model": "company.pcoptionslist", "fields": {"body": "y", "pc": 10, "date": "2012-07-26T08:23:35.583Z", "option": 1, "user": null}}, {"pk": 9, "model": "company.pcoptionslist", "fields": {"body": "r", "pc": 22, "date": "2012-07-26T08:23:35.457Z", "option": 1, "user": null}}, {"pk": 63, "model": "company.pcoptionslist", "fields": {"body": "z", "pc": 2, "date": "2012-07-26T08:23:35.744Z", "option": 1, "user": null}}, {"pk": 30, "model": "company.pcoptionslist", "fields": {"body": "a", "pc": 20, "date": "2012-07-26T08:23:35.568Z", "option": 1, "user": null}}, {"pk": 3, "model": "company.pcoptionslist", "fields": {"body": "t", "pc": 30, "date": "2012-07-26T08:23:35.425Z", "option": 1, "user": null}}, {"pk": 66, "model": "company.pcoptionslist", "fields": {"body": "u", "pc": 28, "date": "2012-07-26T08:23:35.760Z", "option": 1, "user": null}}, {"pk": 27, "model": "company.pcoptionslist", "fields": {"body": "a", "pc": 24, "date": "2012-07-26T08:23:35.552Z", "option": 1, "user": null}}, {"pk": 24, "model": "company.pcoptionslist", "fields": {"body": "z", "pc": 4, "date": "2012-07-26T08:23:35.536Z", "option": 1, "user": null}}, {"pk": 69, "model": "company.pcoptionslist", "fields": {"body": "u", "pc": 26, "date": "2012-07-26T08:23:35.777Z", "option": 1, "user": null}}, {"pk": 21, "model": "company.pcoptionslist", "fields": {"body": "e", "pc": 5, "date": "2012-07-26T08:23:35.521Z", "option": 1, "user": null}}, {"pk": 84, "model": "company.pcoptionslist", "fields": {"body": "e", "pc": 9, "date": "2012-07-26T08:23:35.859Z", "option": 1, "user": null}}, {"pk": 72, "model": "company.pcoptionslist", "fields": {"body": "z", "pc": 25, "date": "2012-07-26T08:23:35.794Z", "option": 1, "user": null}}, {"pk": 18, "model": "company.pcoptionslist", "fields": {"body": "q", "pc": 8, "date": "2012-07-26T08:23:35.505Z", "option": 1, "user": null}}, {"pk": 6, "model": "company.pcoptionslist", "fields": {"body": "z", "pc": 23, "date": "2012-07-26T08:23:35.441Z", "option": 1, "user": null}}, {"pk": 75, "model": "company.pcoptionslist", "fields": {"body": "j", "pc": 18, "date": "2012-07-26T08:23:35.810Z", "option": 1, "user": null}}, {"pk": 15, "model": "company.pcoptionslist", "fields": {"body": "q", "pc": 13, "date": "2012-07-26T08:23:35.488Z", "option": 1, "user": null}}, {"pk": 90, "model": "company.pcoptionslist", "fields": {"body": "t", "pc": 1, "date": "2012-07-26T08:23:35.891Z", "option": 1, "user": null}}, {"pk": 48, "model": "company.pcoptionslist", "fields": {"body": "u", "pc": 19, "date": "2012-07-26T08:23:35.664Z", "option": 1, "user": null}}, {"pk": 45, "model": "company.pcoptionslist", "fields": {"body": "t", "pc": 21, "date": "2012-07-26T08:23:35.648Z", "option": 1, "user": null}}, {"pk": 78, "model": "company.pcoptionslist", "fields": {"body": "y", "pc": 15, "date": "2012-07-26T08:23:35.826Z", "option": 1, "user": null}}, {"pk": 51, "model": "company.pcoptionslist", "fields": {"body": "m", "pc": 16, "date": "2012-07-26T08:23:35.680Z", "option": 1, "user": null}}, {"pk": 42, "model": "company.pcoptionslist", "fields": {"body": "p", "pc": 27, "date": "2012-07-26T08:23:35.632Z", "option": 1, "user": null}}, {"pk": 12, "model": "company.pcoptionslist", "fields": {"body": "t", "pc": 14, "date": "2012-07-26T08:23:35.473Z", "option": 1, "user": null}}, {"pk": 54, "model": "company.pcoptionslist", "fields": {"body": "p", "pc": 11, "date": "2012-07-26T08:23:35.696Z", "option": 1, "user": null}}, {"pk": 39, "model": "company.pcoptionslist", "fields": {"body": "o", "pc": 3, "date": "2012-07-26T08:23:35.616Z", "option": 1, "user": null}}, {"pk": 87, "model": "company.pcoptionslist", "fields": {"body": "t", "pc": 6, "date": "2012-07-26T08:23:35.875Z", "option": 1, "user": null}}, {"pk": 57, "model": "company.pcoptionslist", "fields": {"body": "t", "pc": 29, "date": "2012-07-26T08:23:35.712Z", "option": 1, "user": null}}, {"pk": 36, "model": "company.pcoptionslist", "fields": {"body": "a", "pc": 7, "date": "2012-07-26T08:23:35.599Z", "option": 1, "user": null}}, {"pk": 81, "model": "company.pcoptionslist", "fields": {"body": "w", "pc": 12, "date": "2012-07-26T08:23:35.842Z", "option": 1, "user": null}}, {"pk": 60, "model": "company.pcoptionslist", "fields": {"body": "m", "pc": 17, "date": "2012-07-26T08:23:35.728Z", "option": 1, "user": null}}, {"pk": 3, "model": "profiles.profile", "fields": {"is_report": false, "image": "", "telefon": "+7-921-355-34-34", "user": 3, "is_super_user": false, "is_company": false}}, {"pk": 4, "model": "profiles.profile", "fields": {"is_report": false, "image": "", "telefon": "+7-904-122-12-12", "user": 4, "is_super_user": false, "is_company": false}}, {"pk": 5, "model": "profiles.profile", "fields": {"is_report": false, "image": "", "telefon": "+7-812-211-44-44", "user": 5, "is_super_user": false, "is_company": false}}, {"pk": 6, "model": "profiles.profile", "fields": {"is_report": false, "image": "", "telefon": "", "user": 6, "is_super_user": false, "is_company": true}}, {"pk": 7, "model": "profiles.profile", "fields": {"is_report": false, "image": "", "telefon": "", "user": 7, "is_super_user": false, "is_company": true}}, {"pk": 8, "model": "profiles.profile", "fields": {"is_report": false, "image": "", "telefon": "", "user": 8, "is_super_user": false, "is_company": true}}, {"pk": 9, "model": "profiles.profile", "fields": {"is_report": false, "image": "", "telefon": "", "user": 9, "is_super_user": false, "is_company": true}}, {"pk": 10, "model": "profiles.profile", "fields": {"is_report": false, "image": "", "telefon": "", "user": 10, "is_super_user": false, "is_company": true}}, {"pk": 1, "model": "profiles.profile", "fields": {"is_report": true, "image": "profile_img/blank1.jpg", "telefon": "+1222333", "user": 1, "is_super_user": true, "is_company": false}}, {"pk": 2, "model": "profiles.profile", "fields": {"is_report": true, "image": "profile_img/blank2.jpg", "telefon": "+7-911-234-44-55", "user": 2, "is_super_user": false, "is_company": false}}, {"pk": 11, "model": "profiles.profile", "fields": {"is_report": false, "image": "", "telefon": "", "user": 11, "is_super_user": false, "is_company": true}}, {"pk": 12, "model": "profiles.profile", "fields": {"is_report": false, "image": "", "telefon": "+123213", "user": 12, "is_super_user": false, "is_company": false}}, {"pk": 13, "model": "profiles.profile", "fields": {"is_report": false, "image": "", "telefon": "+123213", "user": 13, "is_super_user": false, "is_company": false}}, {"pk": 14, "model": "profiles.profile", "fields": {"is_report": false, "image": "", "telefon": "", "user": 14, "is_super_user": false, "is_company": true}}, {"pk": 15, "model": "profiles.profile", "fields": {"is_report": false, "image": "profile_img/top.jpg", "telefon": "", "user": 16, "is_super_user": false, "is_company": true}}, {"pk": 16, "model": "profiles.profile", "fields": {"is_report": false, "image": "", "telefon": "", "user": 17, "is_super_user": false, "is_company": true}}, {"pk": 17, "model": "profiles.profile", "fields": {"is_report": false, "image": "", "telefon": "+123213", "user": 18, "is_super_user": false, "is_company": false}}, {"pk": 1, "model": "dashboard.dashboardpreferences", "fields": {"dashboard_id": "dashboard", "data": "{}", "user": 1}}, {"pk": 2, "model": "dashboard.dashboardpreferences", "fields": {"dashboard_id": "profiles-dashboard", "data": "{}", "user": 1}}]